{"K_a": [[208.0872101632679, 0.0, 0.0], [0.0, 209.27545798890046, 0.0], [0.0, 0.0, 213.65073106754224]], "R_a": [[0.9998620291746435, -0.01483057100492679, -0.007481763056406507], [0.008576740442555634, 0.9999615197419686, 0.001843518026355982], [0.013331187730679013, 0.002003617949970859, 0.999909128345571]], "b_a": [112.13215955810813, -128.64258204284693, 83.27016485374816], "K_g": [[16.84151216420952, 0.0, 0.0], [0.0, 16.09609664670747, 0.0], [0.0, 0.0, 16.356319026301364]], "R_g": [[0.9999793425280371, -0.00045421361799804144, -0.006411568231274508], [-0.00022220540636464127, 0.9999961009525418, -0.002783649487862619], [0.00971400449849657, 0.00764109329294033, 0.9999236229882219]], "K_ga": [[0.006383388123673677, -0.007506418795761887, -0.0004889775217182036], [0.007078089693795729, 0.0079808097411764, 0.010123020998329641], [0.0016329203640659267, -0.0014926956472095258, 0.003860846398736716]], "b_g": [-9.824970828471413, -6.05950991831972, 0.9629521586931156], "cal_type": "Ferraris", "acc_unit": "m/s^2", "gyro_unit": "deg/s"}